﻿{"cameraMode":{"drawMode":0,"name":"Shaded","section":"Shading Mode"},"sceneLighting":true,"audioPlay":false,"sceneViewState":{"showFog":true,"showMaterialUpdate":false,"showSkybox":true,"showFlares":true,"showImageEffects":true,"showParticleSystems":true},"in2DMode":false,"pivot":{"x":-5.482488632202148,"y":-7.005281448364258,"z":95.57926940917969},"rotation":{"x":-0.0788474753499031,"y":0.919613242149353,"z":-0.24297331273555757,"w":-0.2984267473220825},"size":10.460533142089844,"orthographic":true}