﻿{"cameraMode":{"drawMode":0,"name":"Shaded","section":"Shading Mode"},"sceneLighting":false,"audioPlay":false,"sceneViewState":{"showFog":true,"showMaterialUpdate":false,"showSkybox":true,"showFlares":true,"showImageEffects":true,"showParticleSystems":true},"in2DMode":false,"pivot":{"x":16.657875061035158,"y":-20.664016723632814,"z":-10.163074493408204},"rotation":{"x":-0.17438989877700807,"y":-0.8256056308746338,"z":0.37795084714889529,"w":-0.38094189763069155},"size":75.18565368652344,"orthographic":false}